product_id,name,category,diet_type,shelf_life_days,packaging_date,expiry_date,weight_grams,price_mrp,current_discount_percent,store_location_lat,store_location_lon
P0000,Mention factor,Spreads,red,107,2025-06-13,2025-09-28,500,497.17,50,-80.754937,-136.993369
P0001,Table movement,Sauces,red,92,2025-05-06,2025-08-06,500,115.65,30,79.820917,-67.682863
P0002,Also over,Sauces,yellow,130,2025-05-23,2025-09-30,250,173.27,40,64.7032295,-42.071972
P0003,Second cell,Cheese,red,58,2025-05-24,2025-07-21,750,444.16,30,-89.100233,-8.897144
P0004,Audience feel,Mayonnaise,red,115,2025-05-23,2025-09-15,1000,419.25,20,-88.866250,66.142328
P0005,Down eat,Biscuits,red,32,2025-06-08,2025-07-10,500,491.5,0,63.4227995,-67.110707
P0006,Real building,Snacks,green,30,2025-06-03,2025-07-03,500,184.06,0,-89.5621295,96.277860
P0007,Somebody world,Sauces,red,34,2025-06-26,2025-07-30,500,146.89,30,21.903882,31.071903
P0008,Society east,Snacks,yellow,7,2025-06-24,2025-07-01,500,177.93,40,-62.427770,-108.595883
P0009,Girl hospital,Cheese,red,38,2025-06-24,2025-08-01,250,78.33,40,-15.9195985,127.097349
P0010,Hot its,Spreads,red,98,2025-05-28,2025-09-03,500,280.37,0,5.6736125,109.219149
P0011,Dog wonder,Snacks,green,135,2025-05-26,2025-10-08,250,393.32,0,-21.7221685,-14.814083
P0012,Practice child,Spreads,red,40,2025-06-20,2025-07-30,750,215.52,20,67.634300,-88.410215
P0013,Collection political,Spreads,red,78,2025-05-13,2025-07-30,1000,172.04,20,-68.943925,-43.567445
P0014,Cultural parent,Cheese,red,32,2025-05-26,2025-06-27,750,192.18,40,78.3643905,94.171076
P0015,Whose challenge,Mayonnaise,red,121,2025-06-05,2025-10-04,250,221.3,20,60.561885,-45.267733
P0016,Lot simple,Mayonnaise,green,110,2025-06-17,2025-10-05,750,390.71,20,42.436719,-80.460016
P0017,Relationship sea,Spreads,yellow,125,2025-06-26,2025-10-29,1000,255.92,40,-87.461218,103.761251
P0018,Need single,Spreads,red,39,2025-06-24,2025-08-02,750,285.92,50,-24.980441,-82.521642
P0019,Window she,Cheese,red,30,2025-06-05,2025-07-05,500,455.54,0,-59.5753145,120.906446
P0020,Manager myself,Biscuits,yellow,24,2025-05-26,2025-06-19,1000,113.25,20,45.980338,22.761937
P0021,Write analysis,Sauces,red,34,2025-06-21,2025-07-25,250,189.85,30,-31.1033435,51.616559
P0022,Yes blue,Cheese,red,84,2025-06-11,2025-09-03,1000,336.71,10,51.254647,83.739050
P0023,Open affect,Spreads,yellow,41,2025-06-16,2025-07-27,250,405.04,20,-26.0869225,76.747299
P0024,Country save,Cheese,red,120,2025-06-12,2025-10-10,750,108.97,20,-73.3147425,64.940645
P0025,Look inside,Sauces,yellow,81,2025-05-08,2025-07-28,1000,110.46,30,14.906985,-113.126335
P0026,Some feeling,Spreads,yellow,85,2025-06-08,2025-09-01,500,152.8,40,70.867555,61.864778
P0027,Picture dream,Mayonnaise,red,29,2025-05-31,2025-06-29,1000,414.09,40,-37.801071,112.146589
P0028,His TV,Biscuits,yellow,27,2025-06-02,2025-06-29,750,199.34,0,-80.5952045,27.898356
P0029,Collection system,Sauces,green,31,2025-05-12,2025-06-12,1000,421.73,0,56.002379,144.790880
P0030,Common from,Cheese,green,28,2025-05-22,2025-06-19,750,260.44,30,-38.899278,6.931866
P0031,Campaign seek,Sauces,green,30,2025-05-07,2025-06-06,250,327.73,0,24.888492,135.430559
P0032,Country early,Spreads,green,83,2025-06-10,2025-09-01,750,52.51,40,-64.332906,93.229931
P0033,Such different,Spreads,green,95,2025-05-19,2025-08-22,500,207.35,30,15.2242605,-28.063455
P0034,Boy tell,Mayonnaise,red,67,2025-06-03,2025-08-09,1000,197.4,50,63.277517,-38.008925
P0035,History group,Biscuits,green,32,2025-06-04,2025-07-06,750,291.84,30,-58.5440865,72.123130
P0036,Station participant,Spreads,green,39,2025-05-28,2025-07-06,500,96.6,10,81.909069,-53.215816
P0037,Sound laugh,Sauces,green,70,2025-06-28,2025-09-06,500,92.47,30,-57.661774,28.242140
P0038,Drop assume,Biscuits,yellow,39,2025-06-10,2025-07-19,250,205.48,30,-80.581126,81.832220
P0039,Brother everything,Sauces,green,102,2025-06-11,2025-09-21,500,173.94,20,80.862851,151.187662
P0040,Move ground,Biscuits,red,113,2025-05-11,2025-09-01,500,431.55,0,46.5629795,58.890174
P0041,Everybody commercial,Snacks,green,90,2025-04-30,2025-07-29,1000,167.68,30,-67.595598,-99.026416
P0042,Attack never,Cheese,red,96,2025-05-11,2025-08-15,500,421.39,30,-70.116923,-78.453775
P0043,Follow believe,Spreads,green,78,2025-05-07,2025-07-24,250,166.41,20,69.3958695,-164.408867
P0044,Force I,Mayonnaise,green,25,2025-05-23,2025-06-17,750,120.3,20,62.1945355,8.123714
P0045,Hope paper,Cheese,red,76,2025-05-10,2025-07-25,750,319.77,50,52.9261585,-104.237777
P0046,Story upon,Sauces,red,135,2025-05-28,2025-10-10,500,157.32,50,59.504974,-126.101304
P0047,Budget watch,Spreads,red,110,2025-06-22,2025-10-10,500,171.65,30,-65.591423,53.237456
P0048,Voice about,Biscuits,green,51,2025-05-14,2025-07-04,750,307.56,20,-82.011256,166.860307
P0049,Administration page,Biscuits,red,72,2025-05-13,2025-07-24,500,329.23,0,-29.073052,166.285471
P0050,Course debate,Mayonnaise,green,86,2025-05-17,2025-08-11,250,373.16,50,-76.9548345,66.977423
P0051,Example keep,Cheese,yellow,29,2025-05-18,2025-06-16,250,481.03,0,82.841554,133.688522
P0052,Push floor,Biscuits,red,41,2025-05-20,2025-06-30,250,301.05,40,-22.934117,-169.869101
P0053,Girl training,Snacks,green,134,2025-06-23,2025-11-04,250,288.03,50,-33.671604,87.139012
P0054,Themselves guy,Mayonnaise,red,95,2025-05-18,2025-08-21,250,193.69,20,76.1674675,154.388640
P0055,Republican expect,Snacks,green,10,2025-05-30,2025-06-09,250,441.4,0,-70.3956325,61.570789
P0056,Material north,Mayonnaise,red,109,2025-06-26,2025-10-13,500,304.38,50,-20.738958,-8.401943
P0057,Friend eat,Biscuits,yellow,54,2025-06-12,2025-08-05,1000,103.94,30,-73.769398,164.954022
P0058,Decade leave,Spreads,green,40,2025-06-24,2025-08-03,500,405.2,30,-73.2713955,-72.016101
P0059,Course cost,Sauces,green,125,2025-06-20,2025-10-23,500,322.04,0,-85.466180,23.314439
P0060,Act physical,Sauces,green,93,2025-05-22,2025-08-23,250,401.77,10,36.067134,164.091694
P0061,Word production,Mayonnaise,red,87,2025-05-23,2025-08-18,500,309.69,10,35.8609235,-166.726071
P0062,Hair happen,Spreads,yellow,103,2025-05-21,2025-09-01,250,308.13,10,-44.3920435,136.954957
P0063,People within,Biscuits,red,85,2025-05-25,2025-08-18,250,461.79,50,-9.7643295,-87.680955
P0064,Strategy issue,Sauces,yellow,90,2025-05-12,2025-08-10,500,446.68,20,-67.8108955,-83.894899
P0065,Sing to,Mayonnaise,yellow,37,2025-06-08,2025-07-15,1000,344.77,30,-2.103944,-65.996302
P0066,Century economy,Mayonnaise,red,116,2025-05-04,2025-08-28,1000,426.94,0,-57.0341675,12.247483
P0067,Detail big,Biscuits,green,128,2025-05-10,2025-09-15,750,262.1,10,36.1550355,-96.328205
P0068,Identify discussion,Spreads,green,106,2025-06-21,2025-10-05,750,116.75,10,41.3426325,18.584811
P0069,Minute art,Snacks,green,132,2025-06-13,2025-10-23,500,413.29,40,-48.702151,33.003845
P0070,Indicate claim,Biscuits,red,82,2025-05-09,2025-07-30,500,93.79,10,-58.774886,18.898859
P0071,Member live,Mayonnaise,red,27,2025-05-15,2025-06-11,750,349.77,0,-32.291773,121.013493
P0072,Political machine,Sauces,green,24,2025-05-11,2025-06-04,500,382.17,40,-36.1871895,1.851999
P0073,Her turn,Biscuits,green,95,2025-05-12,2025-08-15,750,394.22,40,-70.674584,-149.279953
P0074,Think through,Cheese,green,60,2025-06-12,2025-08-11,500,80.14,30,-47.841705,-32.823220
P0075,Hotel field,Sauces,green,75,2025-06-23,2025-09-06,500,425.87,50,-62.1123025,113.566981
P0076,High one,Biscuits,yellow,25,2025-06-12,2025-07-07,500,119.22,0,-8.102590,19.712699
P0077,Worker quickly,Snacks,red,101,2025-05-03,2025-08-12,500,302.07,0,81.634871,123.110654
P0078,Whom sit,Biscuits,green,138,2025-05-23,2025-10-08,750,59.04,40,-71.1787135,48.300965
P0079,Pressure kid,Biscuits,red,105,2025-06-10,2025-09-23,500,491.69,0,-43.532324,62.544984
P0080,You rise,Biscuits,green,62,2025-05-05,2025-07-06,1000,452.8,30,64.762318,59.905513
P0081,Hear life,Cheese,green,23,2025-06-16,2025-07-09,750,307.92,10,64.9492465,22.913165
P0082,Something need,Spreads,green,79,2025-05-17,2025-08-04,250,51.42,40,72.639200,41.661621
P0083,Attention article,Sauces,red,16,2025-05-04,2025-05-20,250,79.06,10,-31.9151885,-50.771457
P0084,Gun thank,Spreads,yellow,84,2025-05-21,2025-08-13,500,419.49,50,-85.8502325,-141.211473
P0085,Increase foot,Biscuits,yellow,109,2025-06-17,2025-10-04,250,140.3,20,-60.189985,109.418510
P0086,Form body,Snacks,yellow,48,2025-05-08,2025-06-25,1000,335.43,20,-37.907453,-78.799254
P0087,Home training,Sauces,green,8,2025-05-05,2025-05-13,750,205.87,20,12.8996055,13.992930
P0088,Film event,Spreads,red,138,2025-06-21,2025-11-06,250,195.13,40,64.1643735,-84.425036
P0089,Democratic someone,Snacks,red,103,2025-06-20,2025-10-01,750,62.65,20,-43.662091,14.134586
P0090,Western certain,Cheese,red,18,2025-06-03,2025-06-21,250,391.38,0,-75.6207595,2.900763
P0091,Account way,Mayonnaise,yellow,96,2025-05-23,2025-08-27,1000,185.81,50,10.1624695,-10.356575
P0092,Current picture,Snacks,red,122,2025-06-08,2025-10-08,500,85.0,30,14.517125,-139.349661
P0093,Remain pass,Snacks,green,101,2025-06-17,2025-09-26,500,196.93,20,-32.348169,-46.827693
P0094,Bar hand,Snacks,green,77,2025-06-19,2025-09-04,500,62.67,30,32.8755975,173.423545
P0095,See instead,Sauces,green,17,2025-06-21,2025-07-08,500,176.75,30,34.155422,-152.156496
P0096,Brother shake,Biscuits,green,41,2025-05-03,2025-06-13,1000,143.2,20,-36.735445,141.716886
P0097,Memory wish,Biscuits,yellow,41,2025-05-18,2025-06-28,500,80.39,10,79.366458,40.232193
P0098,City trade,Mayonnaise,green,97,2025-06-18,2025-09-23,500,145.02,0,27.3033075,-11.077684
P0099,Star yard,Cheese,green,85,2025-05-19,2025-08-12,250,308.82,10,27.116324,158.348923
P0100,Side marriage,Mayonnaise,red,126,2025-05-17,2025-09-20,750,426.77,10,-85.5883495,-175.020906
P0101,Subject miss,Sauces,red,93,2025-05-22,2025-08-23,750,305.22,30,-57.591326,129.068874
P0102,Speak talk,Mayonnaise,red,48,2025-06-17,2025-08-04,250,333.2,10,36.2258435,86.808096
P0103,Up economic,Snacks,red,10,2025-06-26,2025-07-06,1000,345.84,50,-8.0142775,-112.737078
P0104,Maintain turn,Sauces,green,110,2025-05-01,2025-08-19,750,150.91,50,49.461750,-105.463212
P0105,Town real,Snacks,green,46,2025-06-06,2025-07-22,250,390.93,50,-56.0045505,179.078563
P0106,Peace oil,Spreads,red,50,2025-06-24,2025-08-13,1000,258.43,50,-0.5589665,-94.280437
P0107,Director research,Sauces,red,125,2025-05-26,2025-09-28,750,475.07,10,20.0391965,63.025946
P0108,Everything long,Spreads,green,18,2025-06-23,2025-07-11,500,235.74,0,13.388082,-81.644356
P0109,Plant edge,Biscuits,red,109,2025-05-24,2025-09-10,500,341.63,30,-40.5017285,118.380062
P0110,Particular soon,Cheese,green,24,2025-06-21,2025-07-15,250,371.64,30,64.7052315,23.436072
P0111,Low organization,Cheese,yellow,35,2025-05-30,2025-07-04,250,260.41,50,50.4387245,-152.025755
P0112,Loss common,Biscuits,red,48,2025-05-14,2025-07-01,250,164.74,20,68.456757,149.210236
P0113,Worker religious,Spreads,red,58,2025-06-15,2025-08-12,750,283.36,30,78.2208045,-98.784782
P0114,Guy finish,Biscuits,green,33,2025-05-10,2025-06-12,250,348.35,20,-82.5492275,-15.268538
P0115,Show worry,Spreads,red,86,2025-06-19,2025-09-13,250,405.51,20,-86.126143,-169.019487
P0116,Environment sister,Cheese,green,9,2025-05-08,2025-05-17,500,70.34,10,-8.3638155,-37.462827
P0117,Modern station,Mayonnaise,red,133,2025-06-04,2025-10-15,750,348.67,50,-69.657571,11.596731
P0118,Billion other,Sauces,red,54,2025-06-02,2025-07-26,750,365.85,0,-41.546016,-64.250418
P0119,Woman the,Biscuits,green,45,2025-05-12,2025-06-26,500,167.28,30,-52.355201,102.320601
P0120,Long Democrat,Biscuits,green,130,2025-06-13,2025-10-21,1000,499.71,30,73.551669,17.248510
P0121,Write door,Mayonnaise,red,19,2025-06-01,2025-06-20,750,294.82,40,-60.6548755,-102.472151
P0122,Card night,Snacks,yellow,72,2025-06-01,2025-08-12,750,125.71,10,34.0752335,33.919101
P0123,Them sound,Sauces,red,104,2025-06-10,2025-09-22,250,436.66,10,-78.446977,-170.200047
P0124,Old own,Cheese,green,77,2025-06-03,2025-08-19,500,66.25,0,24.297675,165.819153
P0125,Sense prepare,Mayonnaise,green,106,2025-05-24,2025-09-07,750,133.12,30,-17.6985545,-141.150897
P0126,Environmental front,Mayonnaise,red,16,2025-05-18,2025-06-03,1000,269.48,0,-53.4896785,105.062626
P0127,Buy billion,Biscuits,green,31,2025-05-15,2025-06-15,750,206.11,10,-30.139580,-4.625152
P0128,Bad million,Mayonnaise,green,119,2025-05-24,2025-09-20,500,334.89,50,73.991805,-120.442953
P0129,Play expert,Mayonnaise,red,128,2025-06-12,2025-10-18,250,259.18,0,-87.0159965,61.653328
P0130,Ask provide,Sauces,red,70,2025-04-30,2025-07-09,750,199.83,20,51.6744685,-74.663316
P0131,Bill radio,Mayonnaise,green,19,2025-05-30,2025-06-18,1000,417.27,20,1.196958,41.594764
P0132,Power factor,Biscuits,yellow,115,2025-05-25,2025-09-17,250,359.96,20,-54.022759,1.697753
P0133,Bar test,Sauces,red,77,2025-06-18,2025-09-03,750,257.18,40,50.1123275,155.734596
P0134,Hot bad,Biscuits,red,120,2025-05-29,2025-09-26,1000,195.61,0,16.1229895,-176.176543
P0135,Hold last,Spreads,green,21,2025-05-12,2025-06-02,1000,99.12,50,52.661871,-59.078329
P0136,Young discover,Sauces,green,107,2025-06-15,2025-09-30,250,238.8,40,33.990117,128.501478
P0137,Car material,Biscuits,green,110,2025-06-04,2025-09-22,750,241.32,30,-25.8444685,157.927184
P0138,Church late,Biscuits,green,60,2025-05-03,2025-07-02,750,235.56,10,-42.6493145,54.410898
P0139,Five product,Spreads,green,120,2025-05-10,2025-09-07,1000,456.43,30,22.832968,0.831114
P0140,Open shoulder,Snacks,green,53,2025-06-14,2025-08-06,500,406.15,0,-11.0816375,8.013762
P0141,Remember manager,Snacks,green,96,2025-05-24,2025-08-28,250,182.58,20,56.5009815,159.996560
P0142,He American,Mayonnaise,green,79,2025-05-10,2025-07-28,500,88.27,10,-21.9671975,-100.575622
P0143,None thank,Snacks,red,47,2025-06-14,2025-07-31,500,349.73,20,-35.5707025,134.650709
P0144,Cup dream,Mayonnaise,yellow,87,2025-06-17,2025-09-12,750,458.49,0,87.506682,-63.036550
P0145,Part cut,Sauces,red,56,2025-05-27,2025-07-22,500,288.67,30,-18.0078475,173.170862
P0146,Minute recent,Biscuits,red,59,2025-06-07,2025-08-05,500,164.35,40,-46.4677305,-177.413415
P0147,Already fall,Spreads,green,71,2025-06-21,2025-08-31,1000,494.29,0,69.722536,109.917314
P0148,Study fight,Biscuits,red,19,2025-05-27,2025-06-15,250,399.07,50,55.135451,-12.854152
P0149,Improve food,Biscuits,green,130,2025-05-06,2025-09-13,250,341.12,30,-49.2050715,83.232233
P0150,Age southern,Sauces,red,65,2025-06-18,2025-08-22,500,379.37,30,-13.358108,-52.828939
P0151,Group alone,Snacks,yellow,97,2025-06-08,2025-09-13,250,240.92,50,30.1732275,-56.613783
P0152,Leader college,Cheese,green,103,2025-05-03,2025-08-14,750,296.35,0,-20.4819995,53.517419
P0153,Simple the,Biscuits,green,121,2025-05-10,2025-09-08,250,429.73,50,78.566076,63.257312
P0154,Someone opportunity,Snacks,green,112,2025-05-14,2025-09-03,1000,254.97,50,4.382853,92.416053
P0155,North term,Snacks,red,89,2025-06-02,2025-08-30,500,144.34,50,83.4143095,-121.359604
P0156,Imagine person,Sauces,yellow,29,2025-05-20,2025-06-18,500,174.73,10,-80.6534105,-167.134171
P0157,Team positive,Sauces,red,132,2025-05-27,2025-10-06,750,365.46,30,-35.9650295,-60.528507
P0158,Word style,Biscuits,green,56,2025-05-09,2025-07-04,250,367.57,40,87.9326535,-123.972494
P0159,Thus job,Cheese,yellow,92,2025-06-26,2025-09-26,1000,295.64,10,-12.4520255,-117.433111
P0160,Glass threat,Spreads,red,23,2025-05-30,2025-06-22,250,263.14,10,25.595051,-108.417578
P0161,Ever early,Mayonnaise,green,85,2025-06-05,2025-08-29,250,162.78,50,25.0491765,168.084351
P0162,Baby type,Snacks,green,43,2025-06-02,2025-07-15,250,404.32,50,-17.2849865,91.167292
P0163,Tonight bag,Cheese,red,90,2025-06-17,2025-09-15,750,73.03,0,-57.5055085,164.038184
P0164,Can much,Biscuits,green,22,2025-06-10,2025-07-02,500,389.97,40,-85.7823415,104.285616
P0165,Part share,Mayonnaise,green,19,2025-06-01,2025-06-20,500,341.35,0,44.436735,-33.734418
P0166,Let necessary,Cheese,green,102,2025-05-02,2025-08-12,500,484.14,50,-72.7483935,138.722876
P0167,Various fish,Biscuits,green,82,2025-05-15,2025-08-05,1000,264.2,40,-75.0834485,-6.540710
P0168,Card sea,Biscuits,green,58,2025-06-22,2025-08-19,500,185.93,50,-48.3043325,122.309784
P0169,Direction ok,Mayonnaise,green,52,2025-05-14,2025-07-05,500,387.57,20,48.722254,-27.522654
P0170,Particularly think,Cheese,yellow,97,2025-05-03,2025-08-08,1000,101.35,50,16.704888,15.186084
P0171,Along quite,Biscuits,green,62,2025-05-24,2025-07-25,500,307.57,30,11.8428905,-70.992373
P0172,Office entire,Spreads,green,50,2025-06-12,2025-08-01,1000,179.4,0,-30.1826475,10.447744
P0173,Behind pull,Mayonnaise,yellow,134,2025-05-26,2025-10-07,500,187.63,10,-55.266102,99.937682
P0174,Yet only,Cheese,yellow,32,2025-04-30,2025-06-01,1000,276.95,40,20.049125,-57.308383
P0175,Our change,Snacks,green,43,2025-05-22,2025-07-04,500,57.33,20,20.0361205,-150.829730
P0176,Guy else,Mayonnaise,red,78,2025-05-07,2025-07-24,750,153.59,0,18.9597385,-74.525453
P0177,Law it,Biscuits,red,21,2025-06-13,2025-07-04,250,315.25,40,80.387489,-130.192588
P0178,Court worry,Biscuits,red,114,2025-06-27,2025-10-19,1000,494.06,30,11.6005025,7.365341
P0179,Pick during,Sauces,green,18,2025-06-23,2025-07-11,750,450.86,50,36.8249625,105.932293
P0180,Technology certain,Snacks,red,36,2025-06-21,2025-07-27,1000,405.2,0,-88.825113,98.987903
P0181,Meet prevent,Mayonnaise,yellow,125,2025-05-05,2025-09-07,750,230.56,50,83.5542925,-13.659327
P0182,Meet back,Snacks,red,68,2025-06-14,2025-08-21,250,94.71,30,61.8318595,-136.580024
P0183,Care central,Cheese,yellow,130,2025-05-20,2025-09-27,250,480.22,50,-72.0316185,161.084196
P0184,General arm,Mayonnaise,yellow,120,2025-06-16,2025-10-14,1000,445.94,50,82.449411,11.110045
P0185,Class quickly,Cheese,red,138,2025-05-05,2025-09-20,750,210.83,10,-31.3821025,-116.029812
P0186,Early a,Spreads,yellow,14,2025-05-30,2025-06-13,250,495.69,30,15.8448455,102.018379
P0187,North gas,Cheese,green,73,2025-06-06,2025-08-18,750,51.24,40,22.369785,-172.528472
P0188,Everyone seven,Spreads,green,131,2025-05-06,2025-09-14,500,493.96,30,-25.3184285,-98.967231
P0189,Think environment,Snacks,red,26,2025-05-10,2025-06-05,250,215.13,30,49.035758,-157.364429
P0190,Determine thing,Biscuits,red,103,2025-06-04,2025-09-15,250,326.94,0,-5.9832725,78.131705
P0191,Article purpose,Snacks,green,107,2025-05-28,2025-09-12,750,170.52,0,47.6491535,15.112894
P0192,Western watch,Snacks,red,134,2025-05-19,2025-09-30,250,400.94,20,75.6908535,-120.773435
P0193,Like media,Mayonnaise,red,17,2025-06-14,2025-07-01,750,340.45,30,70.920241,40.460188
P0194,Challenge find,Spreads,red,38,2025-05-14,2025-06-21,1000,274.7,10,72.916297,-111.265144
P0195,Hospital all,Spreads,green,21,2025-06-25,2025-07-16,1000,177.62,40,19.1299825,107.248036
P0196,About memory,Spreads,green,81,2025-05-17,2025-08-06,500,252.38,40,-50.911512,-55.311628
P0197,Position weight,Biscuits,yellow,96,2025-06-08,2025-09-12,250,446.98,20,-13.829650,155.640218
P0198,Rate kitchen,Snacks,green,67,2025-05-17,2025-07-23,750,278.39,0,18.653732,-120.734001
P0199,Design party,Cheese,red,35,2025-05-20,2025-06-24,1000,106.15,0,81.9882505,152.403784
P0200,Forward himself,Biscuits,red,123,2025-05-26,2025-09-26,1000,398.06,30,64.3212045,-163.214020
P0201,Image cover,Cheese,red,100,2025-06-04,2025-09-12,500,259.23,50,-62.242556,-60.107833
P0202,Attorney brother,Biscuits,green,80,2025-06-16,2025-09-04,750,315.35,50,-30.430489,-86.468009
P0203,American long,Snacks,red,47,2025-06-14,2025-07-31,750,82.92,40,6.857182,52.719826
P0204,Else necessary,Mayonnaise,red,80,2025-05-22,2025-08-10,750,63.31,50,75.193046,150.850915
P0205,Space similar,Sauces,yellow,35,2025-05-03,2025-06-07,500,245.78,10,34.3114875,-71.588738
P0206,Speech ground,Mayonnaise,yellow,108,2025-05-26,2025-09-11,250,178.51,0,80.929784,130.382516
P0207,Part player,Cheese,red,125,2025-05-26,2025-09-28,250,197.02,20,-29.2149195,-46.896100
P0208,Five give,Biscuits,red,98,2025-06-22,2025-09-28,250,132.27,50,-3.011798,116.962938
P0209,Trouble view,Snacks,red,13,2025-06-21,2025-07-04,250,115.46,0,-53.6001305,-42.485332
P0210,Model feel,Sauces,red,38,2025-06-20,2025-07-28,1000,369.88,30,42.9048665,-37.357049
P0211,Budget recognize,Spreads,green,109,2025-05-03,2025-08-20,500,352.61,40,-68.852151,-155.907315
P0212,Worry compare,Sauces,red,75,2025-05-23,2025-08-06,250,227.17,40,-79.601608,-158.315396
P0213,More democratic,Mayonnaise,red,107,2025-06-11,2025-09-26,1000,129.77,20,-70.746317,176.338089
P0214,For order,Biscuits,green,45,2025-05-09,2025-06-23,500,467.3,30,61.479639,19.771787
P0215,Close spend,Biscuits,red,68,2025-06-11,2025-08-18,250,101.99,40,-77.0610375,-9.137321
P0216,While cell,Cheese,red,94,2025-06-20,2025-09-22,500,210.08,30,-62.0929375,51.482373
P0217,Evening various,Snacks,green,43,2025-05-24,2025-07-06,250,97.47,40,-15.0109595,85.435535
P0218,Hit feeling,Cheese,red,90,2025-06-14,2025-09-12,250,268.11,0,50.1995565,-14.207061
P0219,Candidate ready,Biscuits,green,46,2025-05-30,2025-07-15,250,487.5,50,40.3754635,-164.907697
P0220,Church several,Mayonnaise,red,41,2025-05-09,2025-06-19,250,395.61,20,29.453170,-18.511512
P0221,Visit sort,Mayonnaise,green,34,2025-06-21,2025-07-25,250,422.27,0,84.9576505,78.634598
P0222,Necessary bank,Biscuits,red,57,2025-06-18,2025-08-14,500,147.62,40,80.356519,7.445144
P0223,Tax sit,Biscuits,green,98,2025-05-25,2025-08-31,250,361.03,20,60.090444,-136.159920
P0224,Lay experience,Sauces,yellow,33,2025-05-14,2025-06-16,500,475.54,40,57.2917395,-20.778434
P0225,Summer own,Sauces,red,114,2025-06-15,2025-10-07,250,305.16,10,-65.0926705,-82.185566
P0226,Energy relationship,Snacks,red,113,2025-05-17,2025-09-07,500,452.56,0,-35.165741,85.041670
P0227,Next team,Spreads,yellow,128,2025-06-26,2025-11-01,1000,255.07,30,0.8253385,-8.721216
P0228,Exactly buy,Spreads,red,66,2025-06-26,2025-08-31,1000,174.48,20,-17.7617785,26.851951
P0229,Agent expert,Biscuits,red,138,2025-06-21,2025-11-06,1000,428.34,40,77.317909,160.930394
P0230,Ask water,Cheese,red,103,2025-06-25,2025-10-06,750,466.87,20,16.222074,-69.679220
P0231,Difference decade,Spreads,green,123,2025-05-22,2025-09-22,750,491.31,40,-16.7520255,-40.561578
P0232,Believe but,Snacks,red,25,2025-05-31,2025-06-25,750,186.44,10,71.0680895,70.143971
P0233,Work suffer,Biscuits,red,95,2025-05-29,2025-09-01,250,496.94,0,61.404205,33.643871
P0234,Region ground,Sauces,yellow,86,2025-06-12,2025-09-06,1000,397.82,30,11.8947545,28.262149
P0235,Let then,Cheese,red,11,2025-05-13,2025-05-24,500,322.77,50,-80.3153035,-92.048118
P0236,Everything mother,Snacks,yellow,38,2025-05-19,2025-06-26,1000,153.75,50,-8.4445875,-175.674773
P0237,Bill rate,Sauces,green,37,2025-06-17,2025-07-24,250,387.83,50,13.374465,-4.642424
P0238,Gun no,Biscuits,red,113,2025-05-01,2025-08-22,750,325.72,10,26.9642165,-15.668748
P0239,Build attorney,Snacks,red,72,2025-04-30,2025-07-11,250,78.16,50,48.0947285,-114.297397
P0240,Management growth,Sauces,red,93,2025-06-16,2025-09-17,500,370.78,10,-56.102012,34.555568
P0241,Add then,Cheese,yellow,122,2025-06-28,2025-10-28,500,292.11,50,15.4020845,66.501750
P0242,Another certainly,Spreads,green,98,2025-05-03,2025-08-09,1000,244.59,0,-88.3174805,-141.889593
P0243,Detail live,Snacks,yellow,15,2025-05-01,2025-05-16,500,473.96,10,15.9756245,155.295209
P0244,Sport season,Mayonnaise,red,24,2025-05-11,2025-06-04,1000,394.59,50,68.8902055,-105.893791
P0245,Car system,Snacks,red,94,2025-05-16,2025-08-18,500,113.61,20,-7.0430355,8.841984
P0246,Natural as,Cheese,red,8,2025-06-14,2025-06-22,250,399.69,20,-17.4849955,-8.098669
P0247,Response claim,Sauces,green,35,2025-05-29,2025-07-03,750,271.38,40,-58.5450525,-91.960289
P0248,Teach many,Biscuits,green,58,2025-06-20,2025-08-17,750,396.12,20,-75.324001,-20.104893
P0249,Bill meeting,Mayonnaise,red,78,2025-05-17,2025-08-03,750,123.76,10,-70.540134,-134.427638
P0250,Sport rich,Cheese,yellow,22,2025-05-01,2025-05-23,1000,441.18,40,-39.744828,-91.522097
P0251,Never radio,Sauces,green,110,2025-05-30,2025-09-17,500,468.59,20,-72.297790,101.745300
P0252,Special occur,Mayonnaise,red,83,2025-05-19,2025-08-10,250,124.98,0,-33.7821015,56.761606
P0253,Price others,Sauces,red,87,2025-05-20,2025-08-15,250,267.31,20,71.6594785,11.526982
P0254,Herself exist,Cheese,green,62,2025-05-06,2025-07-07,750,210.5,50,-3.9538395,-121.250581
P0255,Today building,Cheese,green,80,2025-05-12,2025-07-31,1000,164.71,10,50.7064855,144.263292
P0256,Street again,Biscuits,green,126,2025-06-17,2025-10-21,500,301.26,20,53.767309,148.308098
P0257,Citizen arrive,Biscuits,red,90,2025-05-19,2025-08-17,500,277.71,10,-64.506911,-108.089063
P0258,Lot situation,Mayonnaise,green,82,2025-05-18,2025-08-08,250,94.97,20,42.0730205,85.240796
P0259,Part five,Cheese,red,70,2025-06-04,2025-08-13,1000,191.83,30,29.535243,-44.423380
P0260,Standard firm,Snacks,red,56,2025-05-16,2025-07-11,500,119.37,30,-77.8106895,166.117515
P0261,Their go,Spreads,yellow,25,2025-05-13,2025-06-07,750,344.22,0,69.190046,37.777769
P0262,Race reflect,Spreads,red,101,2025-05-30,2025-09-08,500,218.07,40,-70.1295525,69.020059
P0263,Sense myself,Sauces,green,96,2025-05-20,2025-08-24,500,337.9,50,6.8634895,154.832671
P0264,Life hand,Cheese,green,13,2025-06-23,2025-07-06,750,341.22,10,-19.161566,-67.201309
P0265,Enter team,Mayonnaise,green,60,2025-05-26,2025-07-25,250,83.01,30,-79.862498,-167.624528
P0266,Every analysis,Snacks,red,77,2025-05-15,2025-07-31,250,416.36,40,-48.286939,157.892889
P0267,Agency shoulder,Mayonnaise,yellow,82,2025-06-06,2025-08-27,250,59.81,40,-24.915943,164.955798
P0268,Behavior statement,Mayonnaise,green,28,2025-05-16,2025-06-13,250,489.46,0,-77.123157,19.467986
P0269,Because specific,Biscuits,green,60,2025-05-19,2025-07-18,250,435.73,20,-49.648437,-138.778299
P0270,Candidate office,Biscuits,red,101,2025-06-18,2025-09-27,750,417.45,40,-29.9470405,-124.627679
P0271,Network actually,Cheese,red,128,2025-06-14,2025-10-20,750,194.02,0,65.956973,152.314568
P0272,Analysis condition,Sauces,red,42,2025-05-31,2025-07-12,250,134.66,30,-38.8989905,-122.532798
P0273,Away south,Cheese,green,120,2025-06-22,2025-10-20,250,403.11,40,-68.309827,36.082928
P0274,Law strategy,Biscuits,yellow,17,2025-06-13,2025-06-30,250,143.78,20,-48.5159665,102.715632
P0275,Possible important,Cheese,yellow,67,2025-05-02,2025-07-08,500,265.49,0,-6.839879,-48.376899
P0276,Guy himself,Mayonnaise,red,96,2025-06-08,2025-09-12,1000,128.91,30,86.9474005,14.826841
P0277,Would PM,Sauces,green,61,2025-06-27,2025-08-27,1000,428.49,40,45.227921,101.795897
P0278,Land also,Cheese,red,97,2025-05-23,2025-08-28,1000,294.13,50,57.8968255,-56.423958
P0279,Black themselves,Biscuits,red,120,2025-06-19,2025-10-17,250,326.54,20,-14.7719355,29.833948
P0280,Half west,Mayonnaise,green,84,2025-05-23,2025-08-15,250,307.25,0,46.349222,144.518671
P0281,Claim reflect,Spreads,green,101,2025-05-10,2025-08-19,250,346.43,0,-27.512065,-135.537167
P0282,Production official,Mayonnaise,red,83,2025-06-26,2025-09-17,250,349.58,20,22.483000,48.127985
P0283,Agree recently,Biscuits,yellow,123,2025-06-18,2025-10-19,250,244.37,10,-24.0057685,41.337983
P0284,Quality into,Cheese,yellow,50,2025-06-12,2025-08-01,500,71.3,50,12.607893,-52.347883
P0285,Agree story,Sauces,red,20,2025-05-12,2025-06-01,500,467.93,40,-9.0979785,-74.387961
P0286,Kind remain,Cheese,red,117,2025-05-12,2025-09-06,500,182.77,40,-66.0950635,115.096238
P0287,Cost because,Biscuits,green,123,2025-05-15,2025-09-15,750,295.1,30,1.703740,-162.775430
P0288,Network seem,Snacks,red,93,2025-05-09,2025-08-10,750,184.73,40,34.4788495,-65.235440
P0289,My surface,Snacks,red,63,2025-05-07,2025-07-09,750,264.18,0,-70.011129,65.650226
P0290,Military community,Mayonnaise,yellow,95,2025-05-22,2025-08-25,250,138.35,50,15.0132875,-175.108348
P0291,Develop series,Cheese,red,68,2025-05-01,2025-07-08,500,118.21,10,9.1512505,-146.054730
P0292,Degree detail,Sauces,red,98,2025-05-05,2025-08-11,250,197.04,40,-87.797026,116.465009
P0293,Mission commercial,Biscuits,green,114,2025-05-15,2025-09-06,1000,63.64,0,62.390007,142.924194
P0294,Television avoid,Cheese,yellow,19,2025-05-28,2025-06-16,250,87.22,30,24.5682315,125.432384
P0295,Forward once,Snacks,red,107,2025-05-14,2025-08-29,250,279.11,40,26.790947,11.939626
P0296,Less both,Biscuits,yellow,96,2025-06-22,2025-09-26,750,492.88,50,-12.716096,142.664030
P0297,Eat white,Spreads,red,123,2025-06-06,2025-10-07,250,140.38,0,37.6394745,64.149902
P0298,Kind everybody,Snacks,green,84,2025-05-20,2025-08-12,250,402.12,10,-73.137386,-65.416077
P0299,Significant from,Mayonnaise,green,52,2025-05-20,2025-07-11,500,139.9,40,7.721777,178.808317
P0300,Door letter,Mayonnaise,green,34,2025-06-12,2025-07-16,1000,154.57,0,48.2118435,97.757882
P0301,Six down,Mayonnaise,green,45,2025-05-17,2025-07-01,1000,124.9,40,57.9684325,-79.601455
P0302,Page someone,Biscuits,red,129,2025-06-03,2025-10-10,750,146.17,50,-57.160803,56.556486
P0303,Story administration,Snacks,green,106,2025-06-09,2025-09-23,500,384.95,30,-63.550127,99.137751
P0304,Reduce general,Biscuits,red,11,2025-06-07,2025-06-18,750,160.41,30,63.005007,-73.230233
P0305,Site central,Sauces,red,104,2025-06-09,2025-09-21,250,368.76,40,-84.491335,150.130233
P0306,Trip individual,Cheese,green,78,2025-05-01,2025-07-18,750,271.91,40,-31.0800605,55.406533
P0307,Story month,Sauces,red,77,2025-06-04,2025-08-20,1000,68.04,50,47.533826,21.812941
P0308,Student inside,Snacks,yellow,30,2025-06-10,2025-07-10,750,284.11,20,-24.4408895,-103.837280
P0309,Read night,Sauces,red,72,2025-05-18,2025-07-29,1000,171.38,0,-40.634960,-57.937645
P0310,Politics reason,Biscuits,yellow,109,2025-05-21,2025-09-07,250,308.18,20,-38.934848,136.131569
P0311,As various,Mayonnaise,yellow,134,2025-06-03,2025-10-15,1000,210.59,20,-88.946420,147.514237
P0312,Animal hold,Spreads,red,111,2025-06-16,2025-10-05,500,414.14,30,-63.378291,57.461199
P0313,Cover marriage,Spreads,green,92,2025-05-21,2025-08-21,500,217.84,20,82.870350,77.426678
P0314,Everything list,Biscuits,green,48,2025-05-31,2025-07-18,1000,156.68,50,-55.030568,14.323381
P0315,Force billion,Spreads,green,67,2025-05-07,2025-07-13,1000,486.28,30,-85.531393,-11.141506
P0316,Kitchen popular,Snacks,green,24,2025-06-07,2025-07-01,1000,211.08,40,64.5593995,-114.533544
P0317,History face,Cheese,red,101,2025-06-17,2025-09-26,250,253.78,0,-58.1133405,-51.416038
P0318,Crime sister,Biscuits,red,138,2025-06-16,2025-11-01,750,208.74,50,50.991144,154.335517
P0319,Red civil,Snacks,green,83,2025-06-13,2025-09-04,250,135.45,0,-29.337613,-104.025735
P0320,Build lawyer,Snacks,red,92,2025-05-12,2025-08-12,500,196.22,0,1.423044,-42.588193
P0321,Serve kind,Sauces,red,80,2025-06-06,2025-08-25,250,380.64,20,-68.386013,30.749517
P0322,Strong education,Mayonnaise,green,67,2025-05-18,2025-07-24,500,451.87,10,-9.227317,-32.480808
P0323,Production perhaps,Sauces,green,135,2025-06-12,2025-10-25,1000,324.79,20,-36.487646,-122.387774
P0324,About few,Sauces,yellow,52,2025-05-02,2025-06-23,750,59.24,30,-36.452183,6.817287
P0325,Two amount,Spreads,green,27,2025-05-28,2025-06-24,750,406.76,50,-84.688152,-137.582711
P0326,What piece,Snacks,red,122,2025-05-24,2025-09-23,250,205.96,40,34.609530,12.010086
P0327,Thousand person,Cheese,red,138,2025-06-23,2025-11-08,1000,399.74,30,-85.3246365,-155.341776
P0328,Us young,Spreads,green,50,2025-05-29,2025-07-18,750,65.58,40,77.5439715,176.341940
P0329,Study number,Snacks,green,49,2025-06-02,2025-07-21,500,436.7,40,11.0907085,49.612250
P0330,Nice trade,Biscuits,yellow,81,2025-06-05,2025-08-25,750,306.83,50,50.516053,-45.311970
P0331,Show seek,Mayonnaise,red,12,2025-06-09,2025-06-21,750,175.31,20,61.650931,-173.626126
P0332,Safe level,Cheese,red,119,2025-06-04,2025-10-01,250,97.32,0,-37.118183,-168.091994
P0333,Green his,Sauces,red,135,2025-05-02,2025-09-14,1000,459.72,20,-52.434652,-89.836550
P0334,Conference nature,Snacks,red,93,2025-06-07,2025-09-08,750,99.88,20,61.8851495,19.025999
P0335,Least concern,Mayonnaise,red,98,2025-04-30,2025-08-06,500,315.56,0,-15.124802,144.134688
P0336,Rock leave,Mayonnaise,yellow,27,2025-06-26,2025-07-23,250,430.72,10,89.835587,-69.904198
P0337,Win company,Spreads,red,113,2025-05-09,2025-08-30,750,342.16,10,-82.8720235,-3.223832
P0338,Media avoid,Cheese,red,49,2025-06-19,2025-08-07,250,171.63,40,28.9296705,-133.144383
P0339,Maintain new,Mayonnaise,red,54,2025-05-24,2025-07-17,500,280.75,30,54.740248,-172.482910
P0340,Several lay,Spreads,red,28,2025-05-09,2025-06-06,250,340.26,50,37.770203,-106.770352
P0341,Tax unit,Cheese,yellow,74,2025-06-21,2025-09-03,750,285.52,20,-81.042845,-105.820435
P0342,Then threat,Snacks,yellow,7,2025-06-17,2025-06-24,1000,165.93,0,-24.2111025,166.938048
P0343,Against herself,Snacks,red,139,2025-05-21,2025-10-07,750,494.34,20,-67.6335925,-139.183801
P0344,Cultural Congress,Snacks,red,78,2025-06-26,2025-09-12,750,460.25,0,86.1971885,63.885304
P0345,Probably provide,Snacks,yellow,90,2025-04-30,2025-07-29,750,214.02,20,-72.2767545,145.630487
P0346,Maybe today,Mayonnaise,green,76,2025-06-20,2025-09-04,500,126.83,0,32.6513325,-146.159113
P0347,Yeah cell,Sauces,yellow,9,2025-06-01,2025-06-10,1000,203.75,40,-22.918709,-112.963265
P0348,Assume world,Sauces,red,107,2025-05-19,2025-09-03,250,280.65,0,-85.5053135,-113.905887
P0349,Side state,Sauces,yellow,65,2025-05-21,2025-07-25,1000,278.56,40,-36.0068455,-139.938723
P0350,Interesting north,Snacks,red,86,2025-05-03,2025-07-28,500,217.17,20,-38.2519355,40.681674
P0351,Finish from,Spreads,red,119,2025-05-12,2025-09-08,250,136.51,40,-26.487981,138.755188
P0352,Fine sing,Spreads,yellow,28,2025-06-02,2025-06-30,1000,208.64,0,-2.8996455,-20.978266
P0353,Sit similar,Snacks,red,138,2025-05-21,2025-10-06,250,186.53,40,65.0377995,81.662332
P0354,Wind loss,Spreads,green,70,2025-05-21,2025-07-30,1000,190.71,10,23.9300285,127.713797
P0355,Fish improve,Snacks,green,53,2025-05-16,2025-07-08,250,275.23,40,-7.1728745,-123.164063
P0356,Decide attack,Mayonnaise,red,71,2025-06-05,2025-08-15,1000,470.99,20,-22.1329945,8.850764
P0357,Live if,Snacks,green,77,2025-05-06,2025-07-22,500,151.33,50,-3.538047,41.231599
P0358,Push memory,Spreads,red,109,2025-06-15,2025-10-02,250,253.21,40,-53.7595615,-23.114174
P0359,All onto,Biscuits,red,26,2025-05-14,2025-06-09,500,366.37,10,-85.6337135,168.569656
P0360,Boy role,Mayonnaise,yellow,68,2025-05-22,2025-07-29,500,441.86,10,-62.7074385,87.907338
P0361,Small picture,Mayonnaise,yellow,95,2025-06-02,2025-09-05,500,369.26,30,86.789780,-48.282267
P0362,Mean eight,Sauces,green,117,2025-05-05,2025-08-30,1000,475.89,20,-66.814961,108.849394
P0363,If seven,Sauces,yellow,7,2025-05-15,2025-05-22,750,438.12,10,-88.8180665,149.449029
P0364,Four exactly,Biscuits,yellow,133,2025-05-19,2025-09-29,250,302.31,0,-47.269942,-28.074772
P0365,Choose peace,Cheese,red,75,2025-05-04,2025-07-18,500,344.68,0,-9.714401,4.617102
P0366,Ready add,Snacks,green,107,2025-06-05,2025-09-20,1000,291.72,0,-58.135238,-156.997653
P0367,Skin option,Spreads,green,69,2025-06-12,2025-08-20,500,151.53,20,-89.9871335,2.370754
P0368,Culture item,Spreads,red,70,2025-06-15,2025-08-24,750,219.02,20,62.097550,-118.995922
P0369,Mr risk,Spreads,red,59,2025-05-01,2025-06-29,250,119.42,0,85.9534575,59.717136
P0370,Range recently,Mayonnaise,red,12,2025-06-12,2025-06-24,500,395.79,20,8.138249,-134.119113
P0371,Theory challenge,Mayonnaise,red,130,2025-05-07,2025-09-14,500,257.6,0,-78.2924565,122.749982
P0372,Lose edge,Spreads,red,30,2025-05-16,2025-06-15,250,217.71,0,-72.8394735,-91.429418
P0373,Add better,Sauces,red,84,2025-06-03,2025-08-26,1000,113.23,50,-46.0817435,-109.979732
P0374,Role suggest,Cheese,green,115,2025-05-25,2025-09-17,750,302.74,50,-21.7146755,-60.175983
P0375,Far generation,Spreads,yellow,103,2025-06-19,2025-09-30,250,358.71,40,54.252323,-120.703154
P0376,West happen,Biscuits,green,106,2025-06-08,2025-09-22,500,479.94,0,-61.387522,163.456089
P0377,Pay she,Biscuits,green,76,2025-05-01,2025-07-16,500,57.13,20,-20.0585215,-116.885725
P0378,Evidence matter,Mayonnaise,red,82,2025-05-20,2025-08-10,250,332.73,30,39.353471,122.091211
P0379,Street send,Sauces,red,120,2025-06-09,2025-10-07,1000,451.68,50,72.561907,-169.050280
P0380,Full woman,Biscuits,red,67,2025-05-28,2025-08-03,1000,405.1,30,-2.192990,41.852554
P0381,Pay mission,Biscuits,red,7,2025-04-30,2025-05-07,250,317.82,50,17.398194,-45.790964
P0382,Card probably,Mayonnaise,green,32,2025-05-08,2025-06-09,750,61.49,0,8.818284,33.456332
P0383,Less exist,Mayonnaise,green,101,2025-06-17,2025-09-26,500,417.89,20,75.5554965,41.402704
P0384,Rate property,Cheese,yellow,59,2025-05-16,2025-07-14,1000,224.44,20,-85.550676,-155.065044
P0385,Color describe,Sauces,green,59,2025-05-27,2025-07-25,250,87.54,20,9.626163,-171.527214
P0386,Wait base,Cheese,yellow,52,2025-05-18,2025-07-09,750,242.15,20,-88.1146915,-77.185791
P0387,Environment price,Snacks,green,101,2025-05-16,2025-08-25,500,130.88,0,45.7592385,-93.545920
P0388,Call born,Snacks,green,36,2025-06-07,2025-07-13,1000,64.04,0,-43.856430,14.218947
P0389,Upon describe,Sauces,green,118,2025-05-24,2025-09-19,1000,223.58,10,-54.967428,-109.025197
P0390,Very remain,Cheese,red,20,2025-05-26,2025-06-15,1000,459.59,10,72.8222625,-176.738234
P0391,Sign wait,Spreads,red,106,2025-06-18,2025-10-02,500,307.07,30,-34.2578025,125.048766
P0392,Mention since,Snacks,red,28,2025-05-03,2025-05-31,750,208.13,40,89.515405,138.132289
P0393,Capital how,Mayonnaise,red,91,2025-05-01,2025-07-31,750,183.91,0,7.4505105,-32.133213
P0394,Town ground,Cheese,green,25,2025-05-09,2025-06-03,750,53.67,50,-37.0355165,21.144793
P0395,Pull wife,Sauces,red,42,2025-06-11,2025-07-23,500,450.02,40,-6.4018095,-110.651210
P0396,Economic act,Mayonnaise,red,37,2025-05-10,2025-06-16,1000,214.48,10,-88.012301,97.901658
P0397,Modern most,Mayonnaise,green,129,2025-05-08,2025-09-14,500,414.06,40,40.4806985,11.457614
P0398,Gun surface,Cheese,yellow,105,2025-05-26,2025-09-08,250,221.21,40,9.155695,-77.856873
P0399,Stand drug,Cheese,red,28,2025-04-30,2025-05-28,1000,458.71,10,-25.908702,-53.444288
P0400,Deep offer,Spreads,green,56,2025-06-12,2025-08-07,500,55.65,30,-25.988959,79.185021
P0401,Relationship kitchen,Mayonnaise,red,35,2025-06-21,2025-07-26,1000,355.15,40,68.4990475,-105.959177
P0402,Firm society,Snacks,green,36,2025-06-11,2025-07-17,250,469.87,40,-57.0194535,159.802363
P0403,News strategy,Biscuits,green,89,2025-05-11,2025-08-08,250,191.39,30,-74.5491585,82.392842
P0404,Responsibility run,Mayonnaise,green,109,2025-05-02,2025-08-19,750,444.18,30,21.824691,41.579844
P0405,Field thousand,Cheese,red,114,2025-06-15,2025-10-07,250,250.75,50,-40.4487295,-100.370450
P0406,Stage billion,Biscuits,green,92,2025-05-15,2025-08-15,250,239.0,0,72.1192805,-22.173987
P0407,Us near,Cheese,yellow,75,2025-06-18,2025-09-01,250,384.28,0,70.645163,-102.684175
P0408,Parent full,Spreads,red,31,2025-05-17,2025-06-17,250,145.19,50,-19.653735,54.192356
P0409,Unit serve,Cheese,red,89,2025-05-14,2025-08-11,1000,80.14,40,44.287335,172.526141
P0410,Cultural they,Cheese,green,80,2025-05-19,2025-08-07,500,279.86,50,-9.8097565,-76.176954
P0411,Best share,Biscuits,green,43,2025-06-23,2025-08-05,1000,105.89,30,-2.6644865,-45.524092
P0412,Rock together,Spreads,yellow,48,2025-05-19,2025-07-06,250,465.5,0,52.7184555,149.359632
P0413,During six,Mayonnaise,red,45,2025-04-30,2025-06-14,250,359.09,30,-29.165357,-145.027980
P0414,Case single,Spreads,green,87,2025-06-20,2025-09-15,1000,319.68,20,-54.212592,96.593368
P0415,Party evidence,Biscuits,green,14,2025-06-17,2025-07-01,750,205.99,0,-5.9270925,52.190012
P0416,If inside,Snacks,yellow,32,2025-06-23,2025-07-25,750,60.89,0,29.107904,-127.545362
P0417,Certainly force,Biscuits,green,36,2025-06-19,2025-07-25,1000,322.92,50,52.1882695,-100.807744
P0418,Entire chair,Cheese,yellow,121,2025-06-24,2025-10-23,1000,486.79,50,-53.7224585,108.253693
P0419,Use fund,Biscuits,green,115,2025-06-12,2025-10-05,500,363.29,10,-34.4821915,-32.555698
P0420,Our ten,Biscuits,red,111,2025-06-22,2025-10-11,500,124.28,40,26.6590975,-97.014423
P0421,Project history,Mayonnaise,yellow,108,2025-05-02,2025-08-18,500,490.27,0,-81.9093245,-143.450632
P0422,Start purpose,Mayonnaise,green,39,2025-05-22,2025-06-30,500,86.09,40,26.785757,-167.182813
P0423,Purpose administration,Sauces,green,120,2025-05-24,2025-09-21,500,454.14,0,67.9277395,-136.686354
P0424,East election,Snacks,green,98,2025-06-10,2025-09-16,250,197.78,20,-15.3579995,32.633411
P0425,Really glass,Spreads,yellow,50,2025-05-18,2025-07-07,250,193.49,30,24.1071045,-176.465340
P0426,Audience fly,Sauces,green,123,2025-05-25,2025-09-25,500,453.77,40,-2.524137,125.468379
P0427,Until involve,Mayonnaise,green,130,2025-05-07,2025-09-14,250,258.95,50,-24.334302,-85.701863
P0428,Allow within,Cheese,green,10,2025-06-07,2025-06-17,1000,490.45,0,58.116662,-76.289019
P0429,Gun business,Mayonnaise,red,23,2025-04-30,2025-05-23,750,402.03,20,-43.4274775,-149.981714
P0430,Rock although,Mayonnaise,green,12,2025-06-24,2025-07-06,1000,407.18,20,57.7011645,-72.369669
P0431,Politics task,Cheese,yellow,105,2025-06-05,2025-09-18,250,448.65,20,-78.282475,-35.541251
P0432,Number certain,Biscuits,yellow,59,2025-06-14,2025-08-12,500,428.7,50,33.238241,168.279705
P0433,Model indicate,Sauces,red,67,2025-05-19,2025-07-25,250,232.58,40,-58.073788,75.431977
P0434,Them let,Sauces,yellow,94,2025-06-25,2025-09-27,250,472.25,10,54.610996,58.128418
P0435,Area discuss,Biscuits,red,108,2025-06-25,2025-10-11,750,185.06,20,70.606861,-15.363337
P0436,Star population,Cheese,green,24,2025-05-08,2025-06-01,750,365.66,50,-73.882935,61.084653
P0437,Month speak,Sauces,green,69,2025-06-18,2025-08-26,250,357.74,10,-51.574704,-37.057424
P0438,House college,Biscuits,green,24,2025-05-27,2025-06-20,500,286.16,10,-68.482823,-164.186062
P0439,Travel of,Spreads,red,73,2025-06-26,2025-09-07,250,309.17,40,-64.6560245,99.527937
P0440,Event dinner,Mayonnaise,red,25,2025-05-17,2025-06-11,1000,71.35,0,-13.050272,142.386165
P0441,Section line,Cheese,red,22,2025-06-27,2025-07-19,750,347.53,30,85.414901,73.718790
P0442,Sing over,Cheese,yellow,118,2025-05-31,2025-09-26,750,498.45,30,-40.423149,-130.050035
P0443,Bill attack,Snacks,green,108,2025-06-21,2025-10-07,250,429.0,50,-27.6059615,-61.212616
P0444,Manager people,Cheese,green,40,2025-06-11,2025-07-21,250,443.4,0,-33.8354545,-33.545965
P0445,Office staff,Mayonnaise,red,77,2025-05-08,2025-07-24,500,345.66,40,-21.137432,-37.507485
P0446,Indicate child,Cheese,green,8,2025-06-03,2025-06-11,1000,255.56,10,-34.078157,-100.228252
P0447,Inside magazine,Biscuits,green,129,2025-05-12,2025-09-18,1000,424.39,20,68.340981,-65.008682
P0448,Anyone human,Cheese,green,42,2025-06-25,2025-08-06,750,444.7,50,-56.3269675,27.814422
P0449,That direction,Cheese,green,131,2025-06-02,2025-10-11,750,289.67,10,18.171327,-59.917917
P0450,Part production,Mayonnaise,red,137,2025-05-18,2025-10-02,250,88.16,50,6.0506925,178.354241
P0451,Almost whatever,Mayonnaise,red,89,2025-04-30,2025-07-28,500,404.31,40,12.186372,-136.843654
P0452,Poor to,Mayonnaise,green,39,2025-05-10,2025-06-18,1000,365.1,20,49.461487,49.383683
P0453,Firm bag,Spreads,yellow,57,2025-05-28,2025-07-24,750,133.39,30,-18.4484285,-46.944461
P0454,Book war,Snacks,red,8,2025-05-08,2025-05-16,1000,423.86,50,80.964901,21.435938
P0455,Hear individual,Spreads,yellow,125,2025-06-23,2025-10-26,250,486.38,40,-38.1192445,79.547769
P0456,Play himself,Mayonnaise,red,99,2025-05-02,2025-08-09,500,76.67,40,38.4715555,62.701773
P0457,Remain partner,Spreads,yellow,115,2025-06-10,2025-10-03,1000,241.32,0,-63.1952485,-82.258777
P0458,Sell including,Cheese,green,34,2025-05-30,2025-07-03,750,341.84,40,-13.5144245,-20.393580
P0459,Always range,Sauces,yellow,91,2025-05-20,2025-08-19,250,470.85,0,-3.3368785,140.614914
P0460,Relate cell,Spreads,green,111,2025-06-05,2025-09-24,500,314.08,40,-50.3152985,-20.785258
P0461,Usually relationship,Sauces,red,82,2025-05-10,2025-07-31,250,337.4,20,66.5654035,64.295412
P0462,Investment forget,Biscuits,red,28,2025-04-30,2025-05-28,500,279.42,40,-36.5879255,-26.122770
P0463,Market career,Cheese,yellow,136,2025-05-08,2025-09-21,250,371.21,0,27.410279,-164.186226
P0464,Few market,Mayonnaise,green,74,2025-06-04,2025-08-17,500,373.9,50,54.367113,-128.659326
P0465,Education product,Cheese,green,92,2025-05-12,2025-08-12,250,62.56,50,-58.8314645,-17.253370
P0466,Campaign late,Spreads,red,35,2025-06-05,2025-07-10,500,498.98,0,18.492732,58.222986
P0467,Strategy who,Cheese,red,55,2025-05-25,2025-07-19,250,347.84,0,25.615896,133.524831
P0468,Step player,Snacks,green,86,2025-05-12,2025-08-06,750,219.98,20,-32.844939,-135.213639
P0469,Benefit at,Mayonnaise,green,129,2025-06-12,2025-10-19,500,475.1,30,85.9169325,-156.591334
P0470,Catch option,Spreads,green,93,2025-05-31,2025-09-01,750,394.1,20,-0.920302,45.453884
P0471,However federal,Spreads,green,85,2025-06-12,2025-09-05,1000,292.35,0,81.696431,65.897746
P0472,Arrive election,Biscuits,red,10,2025-05-22,2025-06-01,250,160.19,0,21.186525,-108.490014
P0473,Describe rate,Biscuits,yellow,101,2025-06-19,2025-09-28,1000,461.47,30,0.568404,163.047856
P0474,Wonder write,Cheese,red,126,2025-05-26,2025-09-29,1000,492.25,20,29.0179125,-113.183227
P0475,Job matter,Mayonnaise,green,117,2025-06-25,2025-10-20,1000,333.82,30,-64.4211465,-108.483007
P0476,Election option,Spreads,green,22,2025-05-04,2025-05-26,500,309.38,0,-75.889636,23.740548
P0477,Player as,Biscuits,green,12,2025-05-20,2025-06-01,250,306.57,40,10.290831,-52.189408
P0478,Month letter,Snacks,green,124,2025-06-26,2025-10-28,500,242.41,30,-40.047975,96.244697
P0479,Eight one,Mayonnaise,green,91,2025-06-25,2025-09-24,500,187.02,20,59.3977665,-118.415672
P0480,Paper cost,Cheese,green,95,2025-05-19,2025-08-22,750,409.51,20,50.331861,-170.646844
P0481,Seat each,Mayonnaise,yellow,92,2025-05-10,2025-08-10,250,290.48,40,3.8086605,1.982471
P0482,Shake listen,Snacks,green,102,2025-05-10,2025-08-20,500,360.54,30,-45.902385,125.669312
P0483,Represent cut,Snacks,red,40,2025-06-02,2025-07-12,250,57.33,0,-8.533347,117.435290
P0484,Though long,Mayonnaise,green,73,2025-06-19,2025-08-31,750,111.77,0,-31.537849,9.731514
P0485,Security heart,Biscuits,red,25,2025-06-05,2025-06-30,500,170.89,0,78.7803645,45.439241
P0486,Check drug,Mayonnaise,red,136,2025-06-08,2025-10-22,250,358.9,40,-84.1620745,130.045401
P0487,Career of,Cheese,green,32,2025-06-13,2025-07-15,1000,181.96,0,78.7095095,-38.251544
P0488,Clear he,Cheese,yellow,7,2025-06-26,2025-07-03,500,469.78,50,-85.6792385,-73.151038
P0489,Story wonder,Spreads,green,111,2025-06-25,2025-10-14,250,228.32,30,60.5020965,178.517010
P0490,Whole sometimes,Cheese,green,36,2025-06-20,2025-07-26,750,339.64,0,43.909700,75.082992
P0491,Improve world,Sauces,green,13,2025-06-08,2025-06-21,750,422.74,40,47.098305,108.551614
P0492,Decision study,Biscuits,red,109,2025-06-24,2025-10-11,250,452.87,20,61.7884155,107.041769
P0493,Fine record,Spreads,green,106,2025-06-08,2025-09-22,1000,394.25,0,14.5742615,-97.845278
P0494,Wall draw,Spreads,red,106,2025-06-28,2025-10-12,500,371.01,0,-83.714046,56.966604
P0495,Radio human,Mayonnaise,red,33,2025-06-26,2025-07-29,250,325.89,30,36.8301475,179.655650
P0496,Speak claim,Spreads,yellow,104,2025-05-03,2025-08-15,250,473.3,20,73.3636405,-17.078103
P0497,Account food,Spreads,yellow,64,2025-05-11,2025-07-14,1000,162.82,0,59.357194,110.555894
P0498,Join support,Cheese,green,120,2025-05-12,2025-09-09,500,364.3,0,12.8720015,144.289561
P0499,Gun owner,Spreads,green,92,2025-06-14,2025-09-14,250,354.69,0,15.144731,-41.462264
